ID,Date,Author,Target,Description,Attack,TargetClass,AttackClass,Country,Link,Tags
1,01/09/2016,?,Last.fm,"More than 43 million of user records from UK-based music streaming service Last.fm surfaced from a hack that occurred in 2012. Each record reportedly contains a username, email address, hashed password and profile data.",Unknown,Online Music,CC,UK,http://www.zdnet.com/article/hackers-stole-43-million-last-fm-account-details-in-2012-breach/,Last.fm
2,01/09/2016,APT3,2 Hong Kong Government Agencies.,Security company FireEye reveals that two Hong Kong government agencies have come under attack from cyberspies originating in China in the month leading up to Sunday’s legislative elections.,Targeted Attack,Government,CE,HK,http://www.bloomberg.com/news/articles/2016-09-01/hong-kong-government-hacked-by-chinese-cyberspies-fireeye-says,"FireEye, Hong Kong"
3,01/09/2016,?,Btc-E.com,"LeakedSource reveals that Btc-E.com had 568,355 users hacked in October of 2014. Data contains usernames, emails, passwords, ip addresses, register dates, languages and some internal data such as how many coins the user had.",Unknown,Bitcoin Exchange,CC,US,https://www.databreaches.net/bitcoin-exchange-btc-e-and-bitcointalk-forum-breaches/,"LeakedSource, Btc-E.com"
4,01/09/2016,?,Bitcointalk.org,"LeakedSource reveals that Bitcointalk.org had 499,593 users hacked in May of 2015. Data contains usernames, emails, passwords, birthdays, secret questions, hashed secret answers and some other internal data.",Unknown,Online Forum,CC,US,https://www.databreaches.net/bitcoin-exchange-btc-e-and-bitcointalk-forum-breaches/,"LeakedSource, Bitcointalk.org"
5,01/09/2016,?,University of New Mexico,"Over 1,000 former students and employees of UNM have their identity stolen from a University database. After a month of silence, UNM establishes a call center to assist victims of the incident.",Unknown,Education,CC,US,http://www.dailylobo.com/article/2016/09/1-unm-identity-theft,"University of New Mexico, UNM"
6,01/09/2016,?,Transmission BitTorrent Client,"Developers of the Transmission BitTorrent client admitted that hackers replaced downloads of its file-sharing software with trojanized code. The hack, detected within hours, was designed to spread a Mac OS X backdoor, Kidnap, which steals user credentials. It’s unclear how many people were affected.",Account Hijacking,Org: Software,CC,US,http://www.theregister.co.uk/2016/09/01/transmission_booby_trapped_downloads/,Transmission BitTorrent Client
7,01/09/2016,Ghost Squad Hackers (GSH),12 websites belonging to the Afghan government,Hacktivist group Ghost Squad Hackers (GSH) defaced 12 websites belonging to the Afghan government.,Defacement,Government,H,AF,http://news.softpedia.com/news/ghost-squad-hackers-deface-12-afghan-government-websites-507900.shtml,"Ghost Squad Hackers, GSH"
8,01/09/2016,Expl.oit AKA Exploit,exilemod.com,"A group of hackers going by the online handle of “Expl.oit” or “Exploit” hack the official website of Exile Mod gaming forum and leaks personal details of 11,902 registered users.",SQLi,Online Forum,CC,DE,https://www.hackread.com/exile-mod-gaming-forum-hacked/,"Expl.oit, Exploit, exilemod.com"
9,01/09/2016,?,manaliveinc.org,"The non-profit organization Man Alive is hacked, and a patient database with sensitive personal and treatment information is put up for sale on the dark web.",Unknown,Org: Non-Profit,CC,US,https://www.databreaches.net/baltimore-addiction-treatment-clinic-hacked-patients-info-up-for-sale-on-dark-web/,"Man Alive, manaliveinc.org"
10,01/09/2016,websites-hunter AKA @websitehunter,Al Zahra Private Medical Centre (alzahra.com),"The Al Zahra Private Medical Centre is hacked by an individual calling himself websites-hunter, who dumps the database online.",Unknown,Healthcare,CC,UAE,https://www.databreaches.net/uae-al-zahra-private-medical-centre-hacked/,"websites-hunter, @websitehunter, Al Zahra Private Medical Centre, alzahra.com"
11,02/09/2016,?,Linode,"Linode reports the first of a series of DoS attacks on September 2nd, September 4th and September 5th. Another round will strike the company on Saturday, September 10th. Some of the attacks lasted up to eight hours.",DDoS,Industry: Hosting Provider,CC,US,http://www.theregister.co.uk/2016/09/11/linode_fends_off_multiple_ddos_attacks/,Linode
12,02/09/2016,?,Hutton Hotel,Hutton Hotel reports a breach of its payment card system warning guests that their information may have been compromised,Malware,Industry: Hotel and Hospitality,CC,US,http://news.softpedia.com/news/hutton-hotels-pos-systems-compromised-with-malware-for-four-years-507924.shtml,Hutton Hotel
13,02/09/2016,Anti-Armenia Team,Armenian Government,Azerbaijani hacktivists from Anti-Armenia Team leak the passport details of foreign visitors to Armenia and more after breaking into Armenian government servers.,Unknown,Government,H,AM,http://www.theregister.co.uk/2016/09/02/azerbaijani_hacktivists_ransack_armenia/,Anti-Armenia Team
14,02/09/2016,?,Lightspeed,"Point of sales vendor Lightspeed is breached with password, customer data, and API keys possibly exposed, and notifies customers in an email saying that the information was contained in a compromised database",Unknown,Industry: Software,CC,CA,http://www.theregister.co.uk/2016/09/02/lightspeed_pos_vendor_breached_sensitive_database_tapped/,Lightspeed
15,03/09/2016,OurMine,Variety,Entertainment news site Variety is briefly taken over by the infamous hacker group OurMine. The hacking collective manages to break into Variety's content management system and defaces the site with a post of their own claiming responsibility for the attack. The group also floods the site's email subscribers' inboxes with dozens of identical emails,Account Hijacking,News,CC,US,http://www.ibtimes.co.uk/ourmine-hacker-group-briefly-takes-over-variety-website-spams-subscribers-dozens-emails-1579658,"OurMine, Variety"
16,03/09/2016,Spain Squad,Twitter,"A group of hackers dubbed Spain Squad claims to have found a way to seize inactive and suspended Twitter accounts, and sells them on the social network.",Unknown Vulnerability,Social Media,CC,US,http://www.businessinsider.in/Hackers-found-a-way-to-resurrect-suspended-and-inactive-Twitter-accounts/articleshow/53987363.cms,"Spain Squad, Twitter"
17,03/09/2016,Myrotvorets,Ukrainian alleged pro-Russian Journalists,"Myrotvorets, a group of Ukrainian nationalist hackers, leaks the personal details of local journalists they consider pro-Russian for the second time in four months.",Account Hijacking,Single Individuals,H,UA,http://news.softpedia.com/news/pro-ukraine-hackers-leak-personal-details-of-ukrainian-and-foreign-journalists-507926.shtml,Myrotvorets
18,05/09/2016,?,Brazzers,"Nearly 800,000 accounts for popular porn site Brazzers have been exposed in a data breach",Unknown,Adult Site,CC,US,http://motherboard.vice.com/read/nearly-800000-brazzers-porn-site-accounts-exposed-in-forum-hack,Brazzers
19,06/09/2016,DayKalif,Rambler.ru,Nearly 100 million usernames and passwords from the Russian internet giant Rambler surface online in the latest in a long line of hacks that first occurred back in 2012.,Unknown Vulnerability,Industry: Internet Services,CC,RU,http://www.ibtimes.co.uk/major-leak-100-million-passwords-russias-yahoo-surfaces-online-1579900,"daykalif, Rambler.ru"
20,06/09/2016,?,University of Alaska,"University of Alaska officials announces that an attacker using employee credentials may have accessed student information of approximately 5,400 individuals.",Account Hijacking,Education,CC,US,http://www.scmagazine.com/university-of-alaska-breach-may-have-exposed-student-info/article/520975/,University of Alaska
21,07/09/2016,North Korea?,Project on Crowdsourced Imagery Analysis (geo4nonpro.org),"Servers belonging to the Project on Crowdsourced Imagery Analysis (PCIA), hosting data about nuclear tests, have been the subject of DDoS attacks just two days before North Korea's most recent nuclear tests.",DDoS,Org: Non-Profit,CW,US,http://news.softpedia.com/news/nuclear-watchdog-suffers-ddos-attack-ahead-of-north-korea-s-nuclear-test-508193.shtml,"Project on Crowdsourced Imagery Analysis, geo4nonpro.org, North Korea"
22,07/09/2016,Aslan Neferler Tim or Lion Soldiers Team,Vienna Airport,Austrian police investigates a failed cyberattack on Vienna's airport saying they are looking into the authenticity of a claim of responsibility from a Turkish nationalist group.,Unknown,Airport,H,AT,http://bigstory.ap.org/article/ca386f2588854fac897024630c6640bb/austria-probes-alleged-turkish-cyberattack-vienna-airport,"Aslan Neferler Tim, Lion Soldiers Team, Vienna Airport"
23,07/09/2016,?,Hutton Hotel,The Hutton Hotel says it engaged a third-party cyber security firm after it was notified of a possible breach by its payment processor. The investigation found that malware designed to capture card data had been installed on the hotel's payment processing system.,PoS Malware,Industry: Hotel and Hospitality,CC,US,http://www.esecurityplanet.com/network-security/hutton-hotel-kimpton-hotels-acknowledge-payment-card-breaches.html,Hutton Hotel
24,08/09/2016,?,EurekAlert! (eurekalert.org),"Popular science website EurekAlert!, which handles embargoed reports on health, medicine, and technology is hacked. The announcement in the website states that usernames and passwords to the service have been compromised. The hacker has also leaks two embargoed reports.",Unknown,News,CC,US,http://motherboard.vice.com/read/hacker-steals-passwords-for-science-site-eurekalert-leaks-embargoed-news,"EurekAlert!, eurekalert.org"
25,08/09/2016,?,vDoS,"vDos, a “booter” service that has earned in excess of $600,000 over the past two years helping customers coordinate more than 150,000 DDoS attacks is massively hacked, spilling secrets about tens of thousands of paying customers and their targets.",Unknown Vulnerability,DDoS-for-hire,CC,IL,http://krebsonsecurity.com/2016/09/israeli-online-attack-service-vdos-earned-600000-in-two-years/,vDoS
26,08/09/2016,?,libero.it,"The database of the Italian portal libero.it is leaked online (about 750,000 users).",Unknown,Industry: ISP,CC,IT,https://hacked-emails.com/leak/anon-liberoituserhash20,libero.it
27,09/09/2016,?,VoIpTalk,Telephony provider VolPtalk may have been hit by hackers. The firm discreetly informs customers about a potential data breach and request to reset their passwords as a precautionary measure.,Unknown,Industry: Telephony,CC,UK,http://www.ibtimes.co.uk/voiptalk-may-have-been-hit-by-hackers-initiates-precautionary-password-resets-1581246,VoIPTalk
28,09/09/2016,?,KrebsOnSecurity,"Security researcher Brian Krebs' website KrebsOnSecurity comes under ""heavy and sustainable"" attack after two 18 year-old Israeli hackers were arrested over their connection with a DDoS-for-hire service called vDOS.",DDoS,News,CC,US,http://www.ibtimes.co.uk/krebsonsecurity-site-under-attack-after-ddos-hire-service-was-exposed-alleged-owners-arrested-1580835,"KrebsOnSecurity, vDOS"
29,09/09/2016,Aslan Neferler Tim or Lion Soldiers Team,Austrian National Bank (OeNB.at),Turkish hackers have launched DoS (Denial-of-Service) attacks against the web servers of the Austrian National Bank (OeNB).,DDoS,Government,H,AT,http://news.softpedia.com/news/turkish-hackers-continue-to-pester-austrians-in-a-one-sided-cyber-war-508264.shtml,"Aslan Neferler Tim, Lion Soldiers Team, Austrian National Bank (OeNB.at)"
30,09/09/2016,?,Almelo.nl,Hackers steal 22 gigabytes of data from municipal servers in Almelo,Unknown,Government,CC,NL,https://www.databreaches.net/nl-massive-data-breach-at-almelo-municipaility/,Almelo.nl
31,10/09/2016,Daykalif,QIP.ru,QIP.ru is the latest organization to join the list of companies hit by mega breaches. A hacker dubbed daykalif dumps a trove of 33 million accounts.,Unknown,Industry: Software,CC,RU,http://www.ibtimes.co.uk/2016-mega-breaches-continue-hackers-steal-leak-33-million-qip-ru-accounts-1580666,"daykalif, QIP.ru"
32,11/09/2016,B0yzTeam,Bremerton Housing Authority (bremertonhousing.org),"A group of cyber criminals defaces the official website of Bremerton Housing Authority (bremertonhousing.org) and demands $4,000 as ransom.",Defacement,Org: Housing,CC,US,https://www.hackread.com/cyber-terrorists-demand-ransom-housing-data/,"B0yzTeam, Bremerton Housing Authority, bremertonhousing.org"
33,13/09/2016,APT28 AKA Fancy Bear,World Anti-Doping Agency (Wada),"The World Anti-Doping Agency (Wada) confirms that a suspected Russian hacking group illegally accessed its 'administration and management system' - known as 'Adams' and stole troves of sensitive data on athletes. Among those targeted are Serena and Venus Williams, gymnast Simone Biles, and American basketball star Elena Delle Donne. Compromised information includes confidential medical data, such as Therapeutic Use Exemptions,",Account Hijacking,Org: Sport,CC,N/A,http://www.ibtimes.co.uk/breaking-wada-hack-troves-confidential-medical-data-leaked-by-suspected-russian-espionage-group-1581180,"APT28, Fancy Bear, World Anti-Doping Agency, WADA, Serena Williams, Venus Williams, Simone Biles, Elena Delle Donne"
34,13/09/2016,?,ClixSense,"Plaintext passwords, usernames, e-mail addresses, and other personal information for more than 2.2 million people who created accounts with ClixSense are published online. The attackers claim to release additional 4.4 million accounts.",Unknown,Pay-per-click,CC,US,http://arstechnica.com/security/2016/09/plaintext-passwords-and-wealth-of-other-data-for-6-6-million-people-go-public/,ClixSense
35,13/09/2016,?,Thousands of Seagate NAS,Thousands of Seagate Central network-attached storage (NAS) devices have been found hosting cryptocurrency mining malware called Miner-C which turns them into repositories to infect other devices.,Malware,Single Individuals,CC,>A,http://www.ibtimes.co.uk/thousands-seagate-nas-devices-hit-cryptocurrency-mining-malware-1581071,Seagate
36,14/09/2016,?,St. Francis Health System,"St. Francis Health System is hacked and the data is sold on the Dark Web for 24 BTC (14,500 USD, 11,000 GBP, 13,000 EUR)",Unknown,Healthcare,CC,US,https://www.databreaches.net/st-francis-health-system-hacked-thedarkoverlord/,St. Francis Health System
37,14/09/2016,?,Empireminecraft.com,Empireminecraft notifies its users of the compromise of one of the staff member's email account. As a result the attacker was able to access confidential information.,Account Hijacking,Online Forum,CC,US,https://empireminecraft.com/threads/notice-staff-information-data-leak.67744/,Empireminecraft.com
38,15/09/2016,MuslimLeets (aka Muj4hida),American Human Rights Council (AHRC.org) and 62 other websites,"A hacker going by the name MuslimLeets (aka Muj4hida) defaces the American Human Rights Council (AHRC) and 62 other websites, leaving a message calling for jihad.",Defacement,Org: Non-Profit,H,US,http://www.ibtimes.co.uk/hacker-attacks-american-human-rights-council-62-other-websites-calling-jihad-1581813,"MuslimLeets, Muj4hida, American Human Rights Council, AHRC.org"
39,16/09/2016,?,SS&C Technologies,"SS&C Technologies, falls victim of China-based hackers who sent a fake emails to company staffers in order to trick them into releasing client money, according to a complaint.",Account Hijacking,Industry: Financial Services,CC,US,http://www.cnbc.com/2016/09/16/china-hackers-swipe-millions-in-data-breach.html,SS&C Technologies
40,18/09/2016,PoodleCorp,Blizzard's Battle.net,Blizzard's Battle.net servers are knocked offline by yet another denial-of-service (DDoS) attack claimed by hacking group PoodleCorp.,DDoS,Industry: Video Games,CC,US,http://www.ibtimes.co.uk/blizzards-battle-net-servers-knocked-offline-by-another-ddos-attack-claimed-by-hacker-group-1582024,"PoodleCorp, Blizzard, Battle.net"
41,19/09/2016,Fear,Hundreds of US government servers hosted on .us and .gov,A teenage hacker going by the pseudonym Fear claimed that he has gained access to hundreds of US government servers hosted on .us and .gov domains and stolen a massive trove of personal information of US citizens (among which 100 million Social Security Numbers).,FTP Vulnerability,Government,CC,US,https://www.databreaches.net/hacking-america-u-s-teen-claims-he-had-access-to-all-state-domains-registered-on-us-tld/,Fear
42,19/09/2016,"Anonymous Italia
 Antisec-Italia",Four Italian Healthcare Organizations,"In name of #OpSafePharma, the Italian hacktivists hack four healthcare organizations and leak data from two.",Unknown,Healthcare,H,IT,http://news.softpedia.com/news/anonymous-hacks-four-italian-healthcare-organizations-against-adhd-508445.shtml,"#OpSafePharma, Anonymous, Antisec"
43,19/09/2016,?,Saint Francis Health System,"Saint Francis Health System acknowledges the hack of 6,000 names and addresses.",Unknown,Healthcare,CC,US,https://www.databreaches.net/ok-saint-francis-investigating-hack-by-seeming-tdo-copycats/,Saint Francis Health System
44,20/09/2016,?,modaco.com,"Modaco.com, a UK-based forum dedicated to the the Android operating system is breached, with nearly 800,000 usernames and passwords stolen by hackers. The attack dates back to January 2016",Unknown,Online Forum,CC,UK,http://www.theregister.co.uk/2016/09/20/modaco_breach/,modaco.com
45,20/09/2016,?,justformen[.]com,"The website for Just For Men, a company that sells various products for men is compromised to serve malware to its visitors.",Malicious JS injection,Industry: E-Commerce,CC,US,https://blog.malwarebytes.com/cybercrime/2016/09/just-for-men-website-serves-malware/,justformen.com
46,20/09/2016,?,H&L Australia,"Hackers claim to have hacked Australian point-of-sale technology (PoS) company H&L Australia, and offer the database for sale. They were already offering it for sale for AU$22,000 ($16,580, £12,723) more than two months ago.",SQLi,Industry: PoS Software,CC,AU,http://www.theregister.co.uk/2016/09/20/exclusive_hackers_claim_pos_tech_firm_breach/,H&L Australia
47,22/09/2016,?,Yahoo!,"Yahoo! Inc. (NASDAQ:YHOO) confirms that a copy of certain user account information was stolen from the company's network in late 2014. The account information may have included names, email addresses, telephone numbers, dates of birth, hashed passwords (the vast majority with bcrypt) and, in some cases, encrypted or unencrypted security questions and answers.",Unknown,Industry: internet Services,CC,US,https://investor.yahoo.net/releasedetail.cfm?ReleaseID=990570,Yahoo!
48,22/09/2016,?,Ethereum,"Ethereum, a public blockchain-based decentralised computing platform for the cryptocurrency Ether is targeted by a DDoS attack on its network, causing all mining activities to slow down.",DDoS,Cryptocurrency Computing Platform,CC,N/A,https://blog.ethereum.org/2016/09/22/ethereum-network-currently-undergoing-dos-attack/,Ethereum
49,22/09/2016,Unnamed group of Russian Criminals,>1,"Ed Alexander, a darknet investigator reveals that a group of Russian hackers launched cyberattacks to steal user credentials from at least 85 companies. Targets include Amazon, American Airlines, AT&T, Best Buy, Wells Fargo, DropBox, Dunkin Donuts, Ebay, GoDaddy, Uber, Match.com, McDonald’s, Office Depot, PayPal, Pizza Hut, Steam, Apple Pay, and others.",Account Hijacking,>1,CC,>1,http://www.theepochtimes.com/n3/2160168-exclusive-russian-hackers-attacking-85-major-companies-including-steam-amazon-and-apple-pay/,"Russia, Amazon, American Airlines, AT&T, Best Buy, Wells Fargo, DropBox, Dunkin Donuts, Ebay, GoDaddy, Uber, Match.com, McDonald’s, Office Depot, PayPal, Pizza Hut, Steam, Apple Pay"
50,22/09/2016,?,Michelle Obama,An image purported to be a scanned copy of U.S. first lady Michelle Obama’s passport is leaked online alongside personal emails said to belong to a low-level White House staffer who worked with Hillary Clinton’s presidential campaign.,Account Hijacking,Single Individuals,CC,US,http://www.reuters.com/article/us-usa-cyber-idUSKCN11S2G3,Michelle Obama
51,22/09/2016,?,OVH,"Hosting company OVH is subject to the biggest attack DDoS known to date, with peaks of over 1 Tb per second of traffic.",DDoS,Industry: Hosting,CC,FR,http://www.scmagazine.com/ovh-suffers-massive-11tbps-ddos-attack/article/525101/,OVH
52,22/09/2016,Black Team,Several Individuals,An investigation by InfoArmor reveals that Cybercrime syndicate Black Team is spreading its new malicious tool “RAUM” that drops malware on victims’ devices with a torrent file.,Malware,Single Individuals,CC,>1,https://www.hackread.com/black-team-hackers-raum-torrents-malware/,"Black Team, RAUM, torrent"
53,22/09/2016,?,floridabar.org,hacker or hackers associated with a former Palm Beach County Sheriff’s Office deputy who has a long-standing dispute with Florida law enforcement that appears to have gotten him raided by the FBI managed A hacker manages to access and acquire what appears to be the entire database of Florida Bar Association (floridabar.org),Unknown,Org: Professional Order,CC,US,https://www.databreaches.net/florida-bar-association-hacked-members-data-leaked/,floridabar.org
54,23/09/2016,Bundeswehr’s Computer Network Operations Unit (CNO),Unnamed Afghan Mobile Operator,"Der Spiegel reveals that the Bundeswehr's (German Armed Forces) special cyber unit is believed to have conducted the nation's first known ""offensive"" cyber operation in 2015, when it hacked into the network of an Afghan mobile network provider.",Unknown,Industry: Mobile Telco,CW,AF,https://www.rt.com/news/360436-german-military-cyber-attack/,"Bundeswehr’s Computer Network Operations Unit, CNO, Der Spiegel"
55,23/09/2016,"""Crafty Cockney"" (Nathan Wyatt?)",Pippa Middleton,"Pippa Middleton falls fallen victim to an iCloud hacker after an anonymous seller calling himself 'Crafty Cockney' offers to sell 3,000 private photographs of her and fiance James Matthews to the press for £50,000. A 35-year-old man Nathan Wyatt is arrested shortly after.",Account Hijacking,Single Individuals,CC,UK,http://www.ibtimes.co.uk/pippa-middleton-hacker-sheds-light-illicit-community-profiting-celebrity-extortion-1583590,"Pippa Middleton, James Matthews, Crafty Cockney, James Matthews, iCloud"
56,23/09/2016,Guccifer 2.0,DCCC (Democratic Congressional Campaign Committee),Guccifer 2.0 releases a new cache of documents from the DCCC (Democratic Congressional Campaign Committee).,Unknown,Org: Political Party,CC,US,http://www.ibtimes.co.uk/guccifer-2-0-releases-new-dccc-docs-congressman-claiming-clinton-was-always-democratic-choice-1583094,"Guccifer 2.0, DCCC, Democratic Congressional Campaign Committee"
57,23/09/2016,?,Jive,Software house Jive resets customers passwords after the company discovered a data breach.,Unknown,Industry: Software,CC,US,http://www.zdnet.com/article/jive-resets-passwords-after-august-data-breach/,Jive
58,23/09/2016,?,apple.afsmith.bm,Office supplies firm AF Smith suspends sales on its Apple website amid fears over credit-card hacking.,Unknown,Industry: E-Commerce,CC,US,https://www.databreaches.net/af-smith-warns-customers-of-data-breach-fear/,apple.afsmith.bm
59,25/09/2016,Monte Melkonian Cyber Army (MMCA),Several Azeri embassies and government websites,Armenian hackers from Monte Melkonian Cyber Army (MMCA) leak personal details of several Azeri government officials and also deface several Azeri embassy and government sites to celebrate 25 years of Armenian independence.,Unknown,Government,CW,AZ,https://www.hackread.com/armenian-hackers-leak-azeri-banking-military-data/,"Monte Melkonian Cyber Army, MMCA"
60,26/09/2016,"Fancy Bear, APT28",Several Targets,"Researchers from Palo Alto reveals the details of Komplex, a sophisticated piece of malware designed to infect computer systems running Apple OSX.",Targeted Attack,>1,CE,>1,http://www.ibtimes.co.uk/suspected-russian-hacking-group-fancy-bear-targeting-mac-osx-komplex-trojan-1583613,"Fancy Bear, APT28, Complex"
61,26/09/2016,?,i-dressup.com,"Un unknown hacker downloads more than 2.2 million of improperly stored account credentials from i-dressup.com, a social hangout website for teenage girls.",SQLi,Social Network,CC,US,http://arstechnica.com/security/2016/09/social-hangout-site-for-teens-leaks-millions-of-plaintext-passwords/,i-dressup.com
62,26/09/2016,Libyan Scorpion,High Profile Libyans,"A cyber-espionage actor dubbed Libyan Scorpion is targeting high-profile Libyans, infecting their Android smartphones with a remote access trojan (RAT) known as AlienSpy.",Targeted Attack,Single Individuals,CE,LY,http://news.softpedia.com/news/libyan-scorpions-cyber-espionage-group-targets-high-profile-lybians-508664.shtml,Libyan Scorpion
63,27/09/2016,The Dark Overlord,WestPark Capital,"The Dark Overlord leak around 20 internal files online from Los Angeles-based WestPark Capital, as retaliation for the bank's CEO not accepting their ""handsome proposal"".",RDP Vulnerability,Industry: Financial Services,CC,US,http://www.ibtimes.co.uk/hackers-steal-internal-data-los-angeles-investment-bank-hold-it-ransom-1583515,"WestPark Capital, The Dark Overlord"
64,27/09/2016,?,Over 100 US Universities,An investigation reveals that over 100 top US universities have been hacked and injected with SEO spam with the purpose of boosting the search engine ranking of an online gambling site.,SEO Poisoning,Education,CC,US,http://news.softpedia.com/news/top-us-universities-hacked-and-injected-with-seo-spam-508700.shtml,US Universities
65,29/09/2016,Hackers from Russia?,Newsweek,"Newsweek suspects that Russian hackers are to blame for the crash of its website, after it published an article about Donald Trump’s company secretly conducting business in Cuba in the 1990s.",DDoS,News,CC,US,http://www.politico.com/media/story/2016/09/newsweek-suspects-hackers-crashed-website-because-of-negative-trump-article-004788,"Newsweek, Russia, Donald Trump"
66,29/09/2016,"Fancy Bear, APT28",Bellingcat,"ThreatConnect reveals that Investigative journalism group Bellingcat, that helped to investigate the downing of the MH17 flight over eastern Ukraine in 2014 have been targeted in a series of sophisticated attacks by pro-Russia group Fancy Bear.",Targeted Attack,News,CC,UK,http://www.theregister.co.uk/2016/09/29/russian_hackers_target_mh17_journos/,"Fancy Bear, BellingCat, APT28"
67,29/09/2016,Vendetta Brothers,PoS systems and ATMs across the US and Scandinavian countries,"A small, yet very sophisticated group of cyber-criminals named the Vendetta Brothers is behind numerous attacks on PoS systems and ATMs across the US and Scandinavian countries.",Account Hijacking,Industry: PoS Software,CC,>1,http://news.softpedia.com/news/two-determined-hackers-behind-international-cybercrime-syndicate-508794.shtml,Vendetta Brothers
68,29/09/2016,pr0jekkt,feverclan.com,"pr0jekkt hacks feverclan.com and dumps the data of 50,000 users.",SQLi,Online Services,CC,US,https://www.databreaches.net/feverclan-responds-to-notification-of-claimed-breach/,"feverclan.com, pr0jekkt"
69,30/09/2016,?,Large LED video screen billboard in South Jakarta,An unknown hacker or a group of hackers hack into the computer system of a large LED video screen billboard in the Kebayoran Baru district of South Jakarta and replace the advertisement on the screen with pornographic content for a short period of time.,Unknown,Billboard,CC,ID,https://www.hackread.com/billboard-indonesia-load-japanese-porn/,"Jakarta, LED"
70,30/09/2016,Websites Hunter,newseasims.com,"A hacker going by the handle of “Websites Hunter” hacks newseasims.com, a website that offers custom content for Sims video games from Electronic Arts, and leaks personal details of 118,000 customers/users.",SQLi,Online Services,CC,US,https://www.hackread.com/gaming-custom-content-website-hacked/,newseasims.com
71,30/09/2016,RedHack,"Personal email accounts of Turkey’s Energy Minister and President Erdoğan’s son-in-law, Berat Albayrak","The RedHack collective claims to have hacked personal email accounts of Turkey’s Energy Minister and President Erdoğan’s son-in-law, Berat Albayrak.",Unknown,Government,H,TR,http://www.dailydot.com/layer8/redhack-turkey-albayrak-censorship/,"RedHack, Turkey, Berat Albayrak"
72,01/10/2016,North Korea,South Korea,The South Korean government admits that its cyber military command was hacked last month by injecting malicious codes into one of its main routing servers.,Malware,Government,CE,KR,http://english.yonhapnews.co.kr/national/2016/10/01/82/0301000000AEN20161001001451315F.html,"North Korea, South Korea"
73,01/10/2016,?,University of Central Florida,A malware infection is to blame for a payment card data breach affecting at least 230 University of Central Florida students.,Malware,Education,CC,US,http://www.scmagazine.com/malware-behind-payment-card-breach-at-university-of-central-florida/article/548176/,University of Central Florida
74,02/10/2016,Peace AKA Peace_Of_Mind,w0rm,"In what is defined a ""hacker drama"", Peace, of the most known BlackHats defaces the forum of w0rm, another well known blackhat.",Defacement,Forum,CC,N/A,http://news.softpedia.com/news/drama-on-the-underground-hacking-scene-as-black-hats-hack-each-other-508910.shtml,"Peace, Peace_Of_Mind, w0rm"
75,03/10/2016,?,Bohri Muslims around the globe,"A website named ‘Bohrileaks’ releases the Ashara attendance records of Bohri Muslims around the globe—including names, cell phones numbers",Unknown,Single Individuals,CC,IN,https://www.databreaches.net/bohrileaks-massive-data-leak-hits-bohri-muslims-ahead-of-moharram/,Bohrileaks
76,04/10/2016,Russian intelligence or pro-government hackers,store.nrsc.gov,"Suspected Russian hackers are believed to have been skimming credit card information of Republican donors for the past six months. The NRSC is among more than 5,900 e-commerce sites victims of the same attack.",Malware,Org: Political Party,CC,US,http://www.ibtimes.co.uk/hackers-hit-republican-website-steal-credit-card-information-donors-send-them-russian-servers-1586903,"store.nrsc.gov, Russia"
77,04/10/2016,Guccifer 2.0,The Clinton Foundation,"Guccifer 2.0 posts what the hacker claims are files stolen from the Clinton Foundation, but the foundation says the assertions are not true.",Unknown,Org: Non-Profit,CC,US,http://www.politico.com/story/2016/10/guccifer-hacker-clinton-foundation-files-229113,"Guccifer 2.0, The Clinton Foundation"
78,05/10/2016,OurMine,BuzzFeed,OurMine hackers take control of BuzzFeed's website and alter multiple stories published on its site.,Account Hijacking,Industry: Internet Media,CC,US,http://www.ibtimes.co.uk/ourmine-hacks-buzzfeed-warns-website-not-share-fake-news-about-us-again-1585081,"OurMine, BuzzFeed"
79,05/10/2016,?,Spotify,Multiple users report that popular music-streaming service Spotify serves malware-laden ads.,Malvertising,Industry: Music Streaming,CC,SE,http://www.ibtimes.co.uk/spotify-ads-briefly-serve-malware-infested-ads-listeners-computers-1585137,Spotify
80,06/10/2016,?,The Clinton Foundation,The Clinton Foundation warns donors about targeted hacking attempts to steal their personal information.,Account Hijacking,Org: Non-Profit,CC,US,http://www.reuters.com/article/us-usa-election-clinton-foundation-idUSKCN1262IC,The Clinton Foundation
81,06/10/2016,?,Hundreds of E-Commerce Sites,"RiskIQ and ClearSky reveal that Popular ecommerce sites have been infected with web-based keyloggers being used to steal credit card data as it’s entered into online checkout forms. More than 100 compromised sites have been identified, but the number could be in the thousands.",Malware,Industry: E-Commerce,CC,>1,https://threatpost.com/web-based-keylogger-used-to-steal-credit-card-data-from-popular-sites/121141/,"RiskIQ, ClearSky"
82,06/10/2016,?,Pont3,"Pont3, an Australian event organizer, reveals that an unauthorized party had gained access to its mailing list account and downloaded data about individuals that subscribed to various events organized by the company in the past.",Account Hijacking,Industry: Event Organization,CC,AU,http://news.softpedia.com/news/event-organizer-suffers-data-breach-after-hacker-steals-event-mailing-lists-509281.shtml,Pont3
83,10/10/2016,?,Unnamed German Nuclear Power Plant,"According to the International Atomic Energy Agency (IAEA) Director Yukiya Amano, a nuclear power plant became the target of a disruptive cyber attack two to three years ago.",Targeted Attack,Nuclear Plant,CC,DE,http://in.reuters.com/article/nuclear-cyber-idINKCN12A1P1,"IAEA, Yukiya Amano"
84,10/10/2016,?,University of Toyama’s Hydrogen Isotope Research Center,"Research data and personal information may have been stolen from a personal computer belonging to a researcher of Tritium, at the University of Toyama’s Hydrogen Isotope Research Center. Attackers stole data in three batches: December 2015, March 2016 and June 2016.",Targeted Attack,Education,CE,JP,http://www.japantimes.co.jp/news/2016/10/11/national/crime-legal/toyama-tritium-researchers-data-targeted-cyberattacks/#.WBWbatyVngB,University of Toyama’s Hydrogen Isotope Research Center
85,12/10//2016,Russian intelligence or pro-government hackers,Several Russian activists and independent journalists,"Several Russian activists and independent journalists have reportedly received warnings notifying them that ""government-backed"" hackers may be attempting to illegally access their email inboxes.",Account Hijacking,Single Individuals,CE,RU,http://www.ibtimes.co.uk/russian-activists-journalists-receive-google-warnings-over-nation-state-hacking-attempts-1586036,Russia
86,12/10//2016,?,SWIFT,"Symantec reveals that a second group of hackers are attempting to rob banks by targeting SWIFT users deploying the same methods that led to the Bangladesh Bank hacking heist. The tools used are linked to the Odinaff group, which since the beginning of the year, has targeted financial institutions worldwide.",Malware,Finance,CC,N/A,http://www.ibtimes.co.uk/copycat-hackers-try-rob-banks-methods-used-bangladesh-bank-heist-1585966,SWIFT
87,12/10//2016,?,"Blockchain.info
 Blockchain.com",The DNS server records for blockchain.info and blockchain.com are hijacked,DNS Hijacking,Bitcoin Wallet,CC,LU,https://blog.opendns.com/2016/10/12/detecting-recent-blockchain-dns-hijack/,"Blockchain.info, Blockchain.com"
88,13/10/2016,0x2Taylor,Modern Business Systems (MBS),"Over 58 million customer records are stolen and leaked online. Data includes names, email and postal addresses, phone numbers, IP addresses and more.",Unknown,Industry: Data Aggregator,CC,US,http://www.theregister.co.uk/2016/10/13/us_data_aggregator_megabreach/,"Modern Business Systems, MBS"
89,13/10/2016,?,John Podesta's Twitter Account,Clinton campaign chairman John Podesta's Twitter account is hacked and sends out pro-Trump tweet. Several screenshots also suggest that his phone could have been hacked.,Account Hijacking,Single Individuals,CC,US,http://arstechnica.com/security/2016/10/clinton-campaign-chiefs-iphone-was-hacked-and-wiped-photos-suggest/,"John Podesta, Hillary Clinton, Donald Trump."
90,13/10/2016,?,Vera Bradley,American high-end fashion retailer Vera Bradley has revealed that hackers may have accessed customers' card data from payment processing systems at its retail stores this summer.,PoS Malware,Industry: Fashion,CC,US,http://www.ibtimes.co.uk/vera-bradley-reveals-payment-system-hacked-retail-stores-customer-data-feared-stolen-1586178,Vera Bradley
91,13/10/2016,?,Potter County,Potter County officials assure users that their voter information website is safe after learning that hackers gained access to it.,Unknown,Government,CC,US,http://www.scmagazine.com/potter-county-tx-voting-information-site-breached/article/548185/,Potter County
92,13/10/2016,The Dark Overlord?,Peachthree Orthopedic Clinic,"Peachthree Orthopedic Clinic warns its users to have been hacked on September 22, even if several evidences suggest the hack could have happened several months earlier.",Unknown,Healthcare,CC,US,https://www.databreaches.net/peachtree-orthopedic-clinic-notifies-patients-of-hack/,"Peachthree Orthopedic Clinic, The Dark Overlord"
93,14/10/2016,?,Evony Gaming,"LeakedSource reveals that Evony Gaming suffered a massive breach involving the usernames, email addresses, unsalted MD5 and SHA-1 passwords and IP addresses of 33 million gamers.",Unknown,Industry: Video Games,CC,US,https://www.hackread.com/evony-gaming-company-website-hacked/,Evony Gaming
94,14/10/2016,?,Noble House Hotels and Resorts,Noble House Hotels and Resorts notifies guests of payment card breaches at Teton Mountain Lodge & Spa and Hotel Terra. The breached happened on September 5 and September 6.,PoS Malware,Industry: Hotel and Hospitality,CC,US,https://www.databreaches.net/noble-house-hotels-resorts-notifies-guests-of-payment-card-breaches-at-teton-mountain-lodge-spa-and-hotel-terra/,Noble House Hotels and Resorts
95,16/10/2016,?,Road Signs,A number of people at the Chicago’s Grand Avenue and Central Avenue intersection witness an unusual message on a construction signboard against the mayor Rahm Emanuel,Unknown,Road Signs,CC,US,https://www.hackread.com/construction-sign-hacked-message-for-rahm-emanuel/,"Chicago, Rahm Emanuel"
96,17/10/2016,Guccifer 2.0,Democratic National Committee (DNC),Guccifer 2.0 is back and leaks new fresh documents relating to the US political system (documents allegedly showing email conversations between DNC employees and Hillary Clinton's presidential campaign staff discussing Donald Trump's position on his tax returns).,Unknown,Org: Political Party,CC,US,http://www.ibtimes.co.uk/hacker-guccifer-2-0-leaks-files-claiming-dnc-researched-donald-trumps-taxes-1587073,"Guccifer 2.0, Democratic National Committee, DNC, Hillary Clinton, Donald Trump"
97,17/10/2016,SCUWatch,University of Santa Clara Office of Marketing and Communication (OMC),A hacker dubbed SCUWatch leaks a trove of internal documents from the Office of Marketing and Communications from the University of Santa Clara.,Unknown,Education,CC,US,https://www.databreaches.net/omc-targeted-in-latest-leak-involving-santa-clara-university/,"SCUWatch, University of Santa Clara, OMC, Office of Marketing and Communication"
98,18/10/2016,"Revolver AKA 1x0123
 Peace",AdultFriendFinder,"A hacker known as Revolver or 1x0123 claims to have breached into AdultFriendFinder, posting two screenshots that appeared to show he had access to some portion of the website's infrastructure. Another notorious hacker known as Peace also claims to have hacked in, and obtained a database of 73 million users.",Local File Inclusion,Adult Site,CC,US,http://motherboard.vice.com/read/hookup-service-adult-friendfinder-may-have-been-hacked-again,"Revolver, 1x0123, Peace, AdultFriendFinder
 Peace"
99,18/10/2016,?,RedBus,Online travel giant Ibibo Group-owned ticketing platform RedBus confirms to have been subject to a cyber attack that might have exposed the email addresses of some of its customers.,Unknown,Industry: Tourism,CC,IN,http://www.business-standard.com/article/companies/four-million-email-ids-leaked-redbus-to-look-into-hacking-claims-116101800459_1.html,"Redbus, Ibibo Group"
100,19/10/2016,?,Axis Bank,"Axis Bank, India's third-largest private bank, announces that it was the victim of a cyber-attack, but has managed to stop the intrusion before the hacker stole any funds from customer accounts.",Account Hijacking,Finance,CC,IN,http://news.softpedia.com/news/hacker-infiltrates-the-network-of-axis-bank-509459.shtml,Axis Bank
101,20/10/2016,Unknown Criminals from China?,Several Top Indian Banks,"Details of more than 3.2 million cash cards of customers of top Indian banks (Visa, Mastercard, RuPay) have reportedly been stolen in what could be one of the biggest financial data breaches in the country. While it is unclear who is behind the alleged operation, reports suggest that unauthorised transactions can be traced to various locations in China.",Malware,Finance,CC,IN,http://economictimes.indiatimes.com/industry/banking/finance/banking/3-2-million-debit-cards-compromised-sbi-hdfc-bank-icici-yes-bank-and-axis-worst-hit/articleshow/54945561.cms,"India, Visa, Mastercard, RuPay"
102,20/10/2016,?,Weebly,"LeakedSource reveals that the well known San-Francisco based ""drag-n-drop"" website creator Weebly.com had information on 43 Million users leaked from its main database in February of 2016.",Unknown,Industry: Web Hosting,CC,US,http://www.zdnet.com/article/millions-of-accounts-stolen-in-weebly-foursquare-breaches/,"Weebly, LeakedSource"
103,20/10/2016,?,Foursquare,According to LeakedSource even Foursquare suffered a massive breach (23 Million victims) on December 2013.,Unknown,Social Network,CC,CC,http://www.zdnet.com/article/millions-of-accounts-stolen-in-weebly-foursquare-breaches/,"Foursquare, LeakedSource"
104,20/10/2016,APT28,Several Targets,"The cyber gang called Sednit, also known by the names Fancy Bear, APT28, Pawn Storm and Sofacy, allegedly believed to be behind the controversial Democratic National Committee DNC hack, is found to have targeted over a 1,000 high-profile individuals across the globe between 16 March and 14 September 2015.",Targeted Attack,>1,CE,>1,http://www.welivesecurity.com/2016/10/20/new-eset-research-paper-puts-sednit-under-the-microscope/,"Fancy Bear, APT28, Pawn Storm, Sofacy"
105,20/10/2016,?,Single Individuals in the gaming community,"Symantec reveals that malicious actors are abusing Discord, a free VoIP service for gamers to distribute remote access Trojans, as well as infostealers and downloaders.",Malware,Single Individuals,CC,>1,https://www.symantec.com/connect/blogs/attackers-use-discord-voip-chat-servers-host-nanocore-njrat-spyrat,"Symantec, Discord"
106,20/10/2016,FruityArmor,N/A,"Kaspersky Lab reveals the details of FruityArmor, a malicious actor exploiting an unpatched Microsoft vulnerability (CVE-2016-3393) in chained attacks.",Targeted Attack,N/A,CE,N/A,https://securelist.com/blog/research/76396/windows-zero-day-exploit-used-in-targeted-attacks-by-fruityarmor-apt/,"CVE-2016-3393, Kaspersky, FruityArmor"
107,20/10/2016,Unknown Nigerian Attackers,San Francisco Exploratorium Museum,The San Francisco Exploratorium Museum admits to have been fallen victim of a Spear Phishing Attack.,Account Hijacking,Org: Science,CC,US,http://news.softpedia.com/news/spear-phishing-incident-causes-havoc-at-san-francisco-exploratorium-museum-509625.shtml,San Francisco Exploratorium Museum
108,21/10/2016,?,Dyn DNS,"A distributed denial of service attack against Dyn, the dynamic DNS service, affects the availability of dozens of major websites and Internet services this morning, including Twitter and Reddit.",DDoS,Industry: Internet Services,CC,US,http://arstechnica.com/security/2016/10/dos-attack-on-major-dns-provider-brings-internet-to-morning-crawl/,"Dyn DNS, Twitter, Reddit"
109,21/10/2016,?,Pakistan Government Officials,"Forcepoint reveals the details of BITTER, a cyber espionage campaign targeting Pakistani government officials.",Targeted Attack,Government,CE,PK,http://news.softpedia.com/news/pakistan-government-officials-targeted-with-rats-in-cyber-espionage-campaign-509529.shtml,"Forcepoint, BITTER CVE-2012-0158"
110,21/10/2016,?,Baystate Health,"Baystate Health reveals that about 13,000 patients may have had some of their personal information compromised, due to a “phishing” e-mail that was received by some staff members.",Account Hijacking,Org: Non-Profit,CC,US,https://www.databreaches.net/ma-information-of-13000-baystate-patients-possibly-compromised-due-to-phishing/,Baystate Health
111,21/10/2016,?,City of Middletown,The city of Middletown reveals that computer hackers gained access to personal information of people who had contact with the Middletown Police Department.,Unknown,Government,CC,US,https://www.databreaches.net/ny-hackers-breach-city-of-middletown-computer-system/,City of Middletown
112,22/10/2016,?,StarHub,Singapore telecommunications company StarHub is the target of a DDoS attack (once again carried on flooding the company with bogus DNS queries).,DDoS,Industry: Telco,CC,SG,http://www.ibtimes.co.uk/singapores-starhub-says-malicious-ddos-attacks-caused-broadband-disruptions-1588332,StarHub
113,24/10/2016,?,StarHub,A new DDoS attack hits the infrastructure of StarHub,DDoS,Industry: Telco,CC,SG,http://www.ibtimes.co.uk/singapores-starhub-says-malicious-ddos-attacks-caused-broadband-disruptions-1588332,StarHub
114,24/10/2016,Syrian Cyber Army,Sever Belgian media news outlets,"The Syrian Cyber Army claims responsibility for DDoS attacks against several Belgian media news outlets including De Standaard, Het Nieuwsblad, Gazet van Antwerpen, Het Belang van Limburg, and RTFB.",DDoS,News,H,BE,http://news.softpedia.com/news/syrian-cyber-army-claim-ddos-attacks-on-belgian-media-509623.shtml,"Syrian Cyber Army, De Standaard, Het Nieuwsblad, Gazet van Antwerpen, Het Belang van Limburg, RTFB"
115,24/10/2016,?,DomainTools,DomainTools says it detected an attack against its user management system from an unknown attacker and advises users to change their passwords as a precaution.,Email Harvesting,Industry: Cyber Security,CC,US,http://news.softpedia.com/news/domaintools-warns-customers-of-user-data-scraping-attack-509642.shtml,DomainTools
116,25/10/2016,CloudFanta,Single Individuals,"Researchers from Netskope spot a variant of a malware campaign dubbed “CloudFanta” which may have been used to steal 26,000 email credentials including addresses, usernames, and passwords.",Malware,Single Individuals,CC,>1,https://www.scmagazine.com/cloudfanta-campaign-takes-advantage-of-cloud-storage-application-features/article/568979/,"CloudFanta, Netskope"
117,26/10/2016,?,Nets,"Danish payment processor company Nets advises local banks to block up to 100,000 credit cards on suspicion their security might have been compromised by hackers.",Unknown,Industry: Payment Processor,CC,DK,http://www.reuters.com/article/us-nets-credit-cards-idUSKCN12Q12N,Nets
118,26/10/2016,Moonlight (AKA Gaza Hacker Team),Several Targets in Middle East,Vectra Networks reveals the details of the last campaign carried on by the Moonlight (AKA Gaza Hacker Team) collective targeting several targets in Middle East.,Targeted Attack,>1,CE,>1,http://news.softpedia.com/news/moonlight-apt-uses-h-worm-backdoor-to-spy-on-middle-eastern-targets-509667.shtml,"Moonlight, Gaza hacker Team, Vectra Networks"
119,27/10/2016,Anonymous,Several Japanese Companies,"The Anonymous resume cyberattacks against Japanese companies, in an apparent protest against the resumption of dolphin and whale hunting in the western Japanese town of Taiji.",DDoS,>1,H,JP,http://asia.nikkei.com/Japan-Update/Dolphin-hunt-prompts-renewed-Anonymous-cyberattacks-on-Japan,"Anonymous, Japan"
120,27/10/2016,Blackgear,Several Japanese Companies,"Trend Micro reveals that Blackgear, a cyber-espionage campaign that has historically gone after Taiwanese targets, has now shifted its gaze to its neighboring country, Japan.",Targeted Attack,>1,CE,JP,http://news.softpedia.com/news/blackgear-cyber-espionage-campaign-now-targets-japan-509734.shtml,"BlackGear, Trend Micro"
121,28/10/2016,?,converse.com.au,Converse reveals that the company’s Australian e-commerce site was intercepting payment details for website visitors that made purchases between Sept. 2 and Oct. 12 of this year.,Malware,Industry: Shoes,CC,AU,http://www.infosecurity-magazine.com/news/converse-ecommerce-site-hacked/,"Converse, converse.com.au"
122,28/10/2016,CyberHunta,Vladislav Surkov,"A Ukrainian group called CyberHunta claims to have hacked into the account of an assistant to presidential aide Vladislav Surkov and uploads more than 2,000 emails.",Account Hijacking,Single Individuals,CE,RU,http://www.independent.co.uk/news/world/europe/vladimir-putins-aide-gets-hacked-sparking-suspicions-of-proxy-cyberwar-ukraine-cyberhunta-a7385306.html,"CyberHunta, Vladislav Surkov"
123,29/10/2016,Anonymous Poland,Bradley Foundation,Anonymous Poland claims to have hacked the Bradley Foundation and dumps more than 30Gb data including a fake letter of a $150 million donation to Clinton’s campaign.,Unknown,Org: Politics,H,US,https://www.databreaches.net/bradley-foundation-hacked-to-expose-contribution-to-clinton-campaign/,"Anonymous Poland, Bradley Foundation"
124,31/10/2016,?,City of Duluth,"More than 55,000 Duluth residents receive letters informing them that voter registration lists and other personal information may have been exposed as a result of a phishing attack.",Account Hijacking,Government,CC,US,https://www.databreaches.net/duluth-phishing-attack-may-have-exposed-voters-private-data/,Duluth